Strategy,Infrastructure Power Δ (%),Workload Efficiency Δ (%),Response Time Δ (%),Cold Start Δ (%)
K8S vs HPST,-16.230265691182126,13.043478260869563,-6.146153914773275,-58.66499349088845
K8S vs LPLT,4.890257989988444,-7.142857142857142,5.336437676737952,14.529871259927926
HPST vs LPLT,-20.13582966226137,21.739130434782606,-10.900873282566867,-63.90897321861046
