cpu,mem,node
0.0028409090909090606,0.0007139240851063988,server_0
0.005681818181818232,0.0014278481702127976,server_0
0.011363636363636354,0.018562026212765925,server_0
